tweet_id	tweet_text	class_label
921343260076969985	There are still hundreds of thousands in Puerto Rico who don't have access to basic services https://t.co/APyNpI3oPC https://t.co/3jPcW8BDUX	affected_individuals
904499710156791808	RT @Anti_DJTrump: Harvey takes psychological toll on survivors https://t.co/EifBN6zsrp #p2 #ctl https://t.co/il6aHvT2iq — #Resist (Zaibats…	affected_individuals
930127736898752513	Iran-Iraq temblor: 'This earthquake was a sudden wave of death' https://t.co/OTQ2973qEF https://t.co/FBKP3gAzWP	affected_individuals
930014337552367617	Finally, after death toll shoots up to 300, Iran-Iraq earthquake gets some media attention. https://t.co/tnZiXnODaB https://t.co/LZSouYmdEl	affected_individuals
930058600160088065	Latest numbers emerging from earthquake that hit #Iran &amp; #Iraq - 211 dead &amp; 2504 injured in Iran https://t.co/VELDpduSWz	affected_individuals
930097873332658176	On Monday morning, #Iran gave a provisional toll of more than 200 dead.#earthquake https://t.co/9WnnGaRju9 … … https://t.co/T5RgOamZjz	affected_individuals
929994458153803776	the #earthquake killed more than 300 and wounded thousands in Kurdish region in #Iran &amp; #Iraq #BBCNews https://t.co/BozTlqs7fJ	affected_individuals
901809493671124992	RT @frankiemacd: Here is a picture edit of me with a umbrella upside down during hurricane Harvey. https://t.co/i2nvc6gMjh	affected_individuals
906293811541925894	RT @abc13houston: AT 6: HEB employee waded through chest-deep water to reach work during Harvey https://t.co/78QBDCmvDs	affected_individuals
919641467206774784	RT @USRealityCheck: Homeowners cry as they return after fire https://t.co/kQIuhBCMQn #USNews #USRC https://t.co/A9ozlh2Mx1	affected_individuals
909698230836850688	Baby Born as a Giant Tornado Bears Down onÂ Hospital https://t.co/J5Mx01R74L https://t.co/0zy1CMq1Pf	affected_individuals
905292553444052994	RT @defendernetwork: Dealing with survivor guilt after Hurricane Harvey https://t.co/6PXPVmM3lf https://t.co/va0kGQd02v	affected_individuals
870168489759199233	Ctg people suffer for Mora fallout https://t.co/yMefgRzmNZ https://t.co/36ZcMd3U5k	affected_individuals
901783820453777412	Families try to escape rising water https://t.co/rFPCOnTtzw via @NEWS__KING | Ὠ0 by https://t.co/7IH3Z4nGeP https://t.co/pi3GUCOJKP	affected_individuals
930101240339542016	RT @CBCNews: Dozens killed after 7.2 earthquake rocks Iran-Iraq border https://t.co/dClN9vTUZk https://t.co/u6vfSFYjVx	affected_individuals
904397842386739200	RT @Newsweek: Older victims of Hurricane Harvey need special attention | Opinion https://t.co/PHTZyiPOCS https://t.co/IVjrC7dAAE	affected_individuals
931046661274701825	#Iran: Families left homeless by earthquake huddle around fires for warmth, sleep in tents https://t.co/TqYq9BEd7n https://t.co/ycbeJ0gfB4	affected_individuals
930022107278381057	Pics from Iran 204 person killed &amp; 1600 injured by #earthquake yesterday #زلزال_إيران https://t.co/gOAvZmB8fw	affected_individuals
929989514562625538	RT @RT_com: Iran-Iraq border earthquake latest: - At least 211 killed - Over 2,500 injured https://t.co/w0n8LBQsE6 https://t.co/n4SlLDYuzs	affected_individuals
910063271058608128	#ART Dry Tortugas National Park Artists returning to Park after being displaced by Hurricane IRMA. Please donate:… https://t.co/ppq5gOkdo6	affected_individuals
930025819975618560	Sunday evening a earthquake west of Iran. Many people lost their lives. https://t.co/o9TWvoQHAF	affected_individuals
930334010248593409	Iran in Mourning After Earthquake that Killed 430 https://t.co/0zSZ87lmKR https://t.co/2SG4vfoXfP	affected_individuals
930466587576020993	Earthquake Victims in Iran. Any help goes a long way... https://t.co/RXUVRX9daV	affected_individuals
930070681080999936	#Earthquake Kurdistan - Updated toll: 410 people killed and 7000+ injured :( :( - https://t.co/nX21SoJL3z https://t.co/MZ3JS8VzZQ	affected_individuals
929991509499187200	The Wall Street Journal: Iran-Iraq earthquake kills at least 207, with de... https://t.co/h0GnYkR6H0 https://t.co/HWQn1h0BBU	affected_individuals
929992374293495808	Over 200 killed in Iran-Iraqi earthquake https://t.co/r53O8nKXOq https://t.co/RHz9pYrG9f	affected_individuals
906476295864946689	My Kids and I Tried to Escape Hurricane Harvey — It Was Impossible #fitnessworldabs https://t.co/AQuopElKmO https://t.co/FH6NgsplWm	affected_individuals
904405775141019649	Waiting in long lines at Carroll academy Watts Harvey Relief. @WilsonAISD @BakerDana2424 @abc13houston https://t.co/NsVrXMbVEQ	affected_individuals
910741243860267008	Mexico earthquake: Church crumbles during childâ€™s baptism leaving 11 family members deadâ€¦ https://t.co/PSFZtDXXkn https://t.co/oGcdp7tuhz	affected_individuals
930064023101591552	Hundreds dead in Iran #earthquake https://t.co/FxhNqNt8qK	affected_individuals
870029636750630912	Worst floods in #SriLanka in decades: So many children need help: https://t.co/9atFO43v63 v/@unicef_es https://t.co/OWZlKjRbvw	affected_individuals
911795195368415232	#PuertoRico #utuado #utuadopuertorico No contact with my family since hurricane Maria. ὡEὤFἿD἟5἟7 https://t.co/tua2APTAoG	affected_individuals
905255756026363904	Ravaged by Harvey, Houston Dreamers fear deportation https://t.co/hCsfeC8qcM https://t.co/CcVcAIJWaR	affected_individuals
913419277830520833	For many of the survivors of Mexico's earthquake, the difficulties are only just beginning https://t.co/5yePjjlMdF https://t.co/06MxpnqZqh	affected_individuals
930725990371905536	Iran’s deadly earthquake toll rises to 600 killed, 9388 injured in #KERMANSHAH &amp; #SERPOLRZEHAB KURDISTAN. https://t.co/jhIPylVfWB	affected_individuals
909406889368276993	After Harvey and Irma, people of color face displacement https://t.co/ItdznKh5sa https://t.co/IBWFJLTCOj	affected_individuals
920167628303491073	California Fires Leave 32 Dead, a Vast Landscape Charred, and a Sky Full of Soot https://t.co/1sY1GZ0Gc3 https://t.co/34tgXfRxx6	affected_individuals
909730737401716736	Our Hurricane Irma Survival Moments Video | Bhavna's Kitchen https://t.co/Ga5xYn2xvE https://t.co/s2ej9ffWfQ	affected_individuals
907000891110080513	Three people, two dogs ride out Hurricane Harvey in 'pod' at Holiday Beach https://t.co/xWwQmRmN7R https://t.co/PwR49NAVzj	affected_individuals
920746714637721600	No Sanctuary in Fire-Stricken Californiaâ€™s Immigrant Communities https://t.co/l6hrCxWzP3 https://t.co/ntB9FyICCy	affected_individuals
904779617440940032	Survivors Grapple With Ongoing Trauma After Harvey https://t.co/111g4AlzfS https://t.co/hC95zgF4f1	affected_individuals
930875630832545792	Responding to Iran's earthquake: At least 407 died and 6700 others were injured https://t.co/QG34G20QhU https://t.co/jKefnG8yzu	affected_individuals
870389707418599426	Bangladesh: Rohingya Refugees Suffer After-Effects of Cyclone Mora https://t.co/oIzv5sCNRq https://t.co/2eTtlYcDuI	affected_individuals
930898405399855104	many children lost their parents in #Iran in the past 72 hrs... very sad. #Earthquake https://t.co/i9GwqdTr0j	affected_individuals
910678493419200514	Mexico earthquake: Family mourns 11 dead after church falls at baptism https://t.co/V7RhlHr8NU https://t.co/kWGi8UCToO	affected_individuals
918059058074210304	A few aquatic survivors of California's wildfires provide some solace for one homeowner. https://t.co/d7sm4C4iLV	affected_individuals
908001617005314048	HARVEY SURVIVORS: Out of the spotlight, struggling to recover https://t.co/LxKitMzvgR https://t.co/w0weamU5XU	affected_individuals
918394712842735616	"#News via #FOXNEWS ""California wildfires make searching for missing tough"" https://t.co/P5bFKQ6hIQ https://t.co/01qlbznzYt"	affected_individuals
904464817242636290	For the third time, one undocumented Houston family fled a hurricane https://t.co/t9Unxx84wB #Harvey https://t.co/pUU5muHvHP	affected_individuals
922144749632479232	Residents recall the night they had to flee the #redwoodvalleyfire. https://t.co/rw44YA4N9j https://t.co/BEMx2XbOFB	affected_individuals
918313549318955008	Massive destruction from California wildfires https://t.co/Euoo4wMgwp https://t.co/YoCxmJZg4p	infrastructure_and_utility_damage
906567943399538688	#Trump Sees the Trail of Destruction #Harvey Created https://t.co/tUbD0AtdYC #Houston https://t.co/bvAm4oczp7	infrastructure_and_utility_damage
909835088044580864	Clearing it all out. Some hot and sweaty tree work post Hurricane Irma. https://t.co/W1Fn9eYeFF	infrastructure_and_utility_damage
910206222204248064	Flooded streets of Naples after Hurricane Irma Watch Now ·ΩÑ9https://t.co/hnQ1ZtFeY1 https://t.co/YPEcKH986U	infrastructure_and_utility_damage
917797763282214913	On today's PNS newscast: deadly wildfires ravage Northern California. Listen now: https://t.co/wgmKAIWUiI https://t.co/BApQhkb51r	infrastructure_and_utility_damage
920635671353667586	Iconic $17m 'Glass House' mansion burnt to the ground in killer California wildfires https://t.co/imB7LVqtIt https://t.co/4XhMBkkxn4	infrastructure_and_utility_damage
909782273280630784	Hurricane Irma debris pickup gets underway --&gt; https://t.co/zYA0vU7MEg https://t.co/sPFI7JNR3E	infrastructure_and_utility_damage
921421609726029825	Let me show you guys our house after hurricane Maria https://t.co/xevmIR1GNa	infrastructure_and_utility_damage
905695796422684673	Island hotel lashed by brutal wind and driving rain https://t.co/nSIbzJQnfs #USNews #USRC https://t.co/Otjvyo7MaZ	infrastructure_and_utility_damage
870013706935119872	RT @coconutsdotco: Cyclone Mora tears through homes in Rakhine State https://t.co/DwHMPx6yG6 https://t.co/oyZrQ6TNaj	infrastructure_and_utility_damage
909847261970014209	Drone footage shows damage three weeks after Harvey https://t.co/aVwhZUe7V2 https://t.co/evudy7PryW	infrastructure_and_utility_damage
905669119231459330	Thursday briefing: Hurricane Irma flattens Caribbean communities https://t.co/eXwTgxdDL5 https://t.co/OY0rAw40F8	infrastructure_and_utility_damage
905681359460589568	"RT @B911Nature: ""Barbuda is practicably uninhabitable” after Cat. 5 Hurricane Irma - PM Gaston Browne https://t.co/S0uLTXaxyp"	infrastructure_and_utility_damage
910242571556982784	How much #irma has cost Nassau County as neighbors start to assess and rebuild next at 5 on CBS 47 https://t.co/TKyFeHIBOm	infrastructure_and_utility_damage
909441515839266816	RT @4cast4you: before/after #Irma near St. Maarten airport. Complete devastation.(Slightly diff angle) https://t.co/IdQwaaABrW	infrastructure_and_utility_damage
918237370536906753	Deadly California wildfires flare up and swallow more homes https://t.co/y7JLilbWud https://t.co/62Fl5qtSuq	infrastructure_and_utility_damage
901809537828696064	Rockport, TX gas station damaged by #HurricaneHarvey &lt;via Jeff Gammons&gt; https://t.co/Uitj0e02qo	infrastructure_and_utility_damage
906215570005164032	Dangers during #Harvey cleanup include electrical hazards, working w/power tools &amp; more https://t.co/UvERHzqi6R https://t.co/jpXIChcCcN	infrastructure_and_utility_damage
913884389305659392	Tamarind tree blasted by #HurricaneMaria in St. Croix's hard-hit west end. https://t.co/732VcL93KY	infrastructure_and_utility_damage
870134495650906112	RT @IrrawaddyNews: Cyclone #Mora destroys homes in #ArakanState #Burma #Myanmar https://t.co/JHRTKQ7ZcZ https://t.co/2r9FhaFqZK	infrastructure_and_utility_damage
905360530591944705	Harvey caused a chemical plant explosion. Is that the next face of climate change? - Scores of abandoned militar... https://t.co/0gu716K46g	infrastructure_and_utility_damage
904289771421237248	"Hurricane Harvey Evacuees Are Returning Home to Face Destruction: ""It’s Sickening"" - https://t.co/Aed1adOYzh https://t.co/t33mC1EpMp"	infrastructure_and_utility_damage
913236041397669888	Hurricane Maria was the strongest in decades. Broken windows everywhere, now imagine non concrete house. https://t.co/IYJgrpp3Kg	infrastructure_and_utility_damage
909486151760777216	@donttrythis Irma knocked a lot of trees down on powerlines.I've not had power for a week. https://t.co/uLdoUe2aRY	infrastructure_and_utility_damage
910259542763634688	RT @bwill129: Been almost a week since hurricane Irma ripped up the keys. Before &amp; after https://t.co/zX6YEaRKHd	infrastructure_and_utility_damage
923649563746897920	The Windows background is on fire in California right now, believe In global warming yet lol https://t.co/vLiwIRxInW	infrastructure_and_utility_damage
909890699600044032	Much yard debris in Jacksonville, Florida after Hurricane Irma is big. :P https://t.co/qMdSy9cbQ2	infrastructure_and_utility_damage
905756443667820544	These photos show how Hurricane Irma has trashed the Caribbean — and it’s heading for the… https://t.co/hGDOdsTQv4 https://t.co/b0q4S9s4Vp	infrastructure_and_utility_damage
901671631549906946	Texas Faces Floods After Hurricane Harvey Wreaks Havoc https://t.co/5R2P7JCYrV	infrastructure_and_utility_damage
906927330555305984	RT @will__grant: Canals instead of streets in Havana's Vedado district. #Irma https://t.co/tqckhIaFQd	infrastructure_and_utility_damage
915313050714099714	RT @ZaibatsuNews: Trump Heckled As He Drives Past Hurricane Damage In Puerto Rico https://t.co/SRYqVZPy08 https://t.co/TU7uFfjIrd	infrastructure_and_utility_damage
912286223930134530	Hurricane Maria: Dam threatens to burst in devastated Puerto Rico - CNN https://t.co/F9Uc8YW01D #ClashRoyaleHack https://t.co/EZxkxmtVUk	infrastructure_and_utility_damage
917856722315874306	California #wildfires devour area size of a football field every 3 seconds https://t.co/P0pGA2ypW4 https://t.co/nW5cENE0Xf	infrastructure_and_utility_damage
911784420734115840	RT @rickycint: My family's hometown of Barranquitas, PR after Hurricane Maria. #HuracánMaría https://t.co/bahke587m7	infrastructure_and_utility_damage
910691589034409984	Mexico Earthquake: 2 Cathedrals Sustain Damage https://t.co/e4YWqejFS5 https://t.co/zh5KyBbEVX	infrastructure_and_utility_damage
910549146360311808	https://t.co/XVQmbLqPVA Maria Hits San Juan, Island Is 100 Percent Without Electricity https://t.co/7IJ76GRLHq	infrastructure_and_utility_damage
910126834498592768	#SummerlandKey (map dot 2) #Irma #coastal damage before/after air photos. Arrow marks reference point‚Ä¶ https://t.co/ihSN1cCe6g	infrastructure_and_utility_damage
910033969315446784	Just got power back from #Irma after 5 days. Hopefully #Maria leaves the southeast alone... Hopefully she just goes… https://t.co/0jyUZHXk9H	infrastructure_and_utility_damage
904780104953417728	In this photo, the Rev. Mark Goring surveys damage from #HurricaneHarvey at a church community center in Houston. https://t.co/ImcIvnqTNw	infrastructure_and_utility_damage
910122015993995264	RT @steadicam305: #Irma minor damage at @univision's parking lot - @UniNoticias @Univision23 https://t.co/XO0tWG1d9y	infrastructure_and_utility_damage
909839700231208960	Things to know if you own property in Beaufort County and have tree damage from Tropical Storm Irma‚Ä¶ https://t.co/N7GHLpNOzA	infrastructure_and_utility_damage
909423799711318018	RT @camxparks: Update on hurricane Irma damage in my home town of Cudjoe Key, FL https://t.co/aV2Dm42OCr https://t.co/JbvggvJTeE	infrastructure_and_utility_damage
918103951488188416	Former pro Levi Leipheimer's house destroyed in California wildfires | https://t.co/hiKOkpgUtT https://t.co/vrcbbYob7W	infrastructure_and_utility_damage
910168389846536193	Hurricane Irma uprooted a tree in a cemetery, its roots unearthed a casket ·Ω£1·Ω°E #grave #irma https://t.co/cOJ1VYPsYR	infrastructure_and_utility_damage
909846206909702144	We are remodeling, since Hurricane Irma flooded our dive center. Guess she thought we needed it remodeled. https://t.co/de9QZkKaYO	infrastructure_and_utility_damage
909434397077753861	RT @ThomasWenski: St Peter the Fisherman in Big Pine Key suffered major damage from Irma. We will rebuild!!! https://t.co/sWFb4XVx2W	infrastructure_and_utility_damage
904299302683631616	RT @NBCNightlyNews: JUST IN: Another large explosion and fire at flooded chemical plant in Crosby, Texas. #Harvey https://t.co/Pig3FowSmX	infrastructure_and_utility_damage
910131060033196034	NASA's Florida sites damaged during Irma CLICK BELOW FOR FULL STORY... https://t.co/hYzo8GlMHe... https://t.co/ugxm4kXOhL	infrastructure_and_utility_damage
908723134781517824	Houston refinery â€˜significantly underestimatedâ€™ amount of toxic chemicals releasedâ€¦ https://t.co/D7u9tIT3Ae https://t.co/5VSC2ZqrPM	infrastructure_and_utility_damage
913129126881570816	Hurricane Maria destroyed the manatee lab and veterinary clinic. The manatees are safe. Help by donating to rebuild! https://t.co/eYqIgbtMBI	infrastructure_and_utility_damage
928393757761982465	@TheView @sunny Our electricians just returned from Puerto Rico and no mention whatsoever of that! https://t.co/0E8vSTEnUl	not_humanitarian
915995729750921216	RT @drkillapatient: I'm not great w/ shoes, but is Melania rockin timbs in Puerto Rico?? https://t.co/yGbv5dJx9Z	not_humanitarian
905782071410483200	CeCe Winans, Bishop William Murphy, John Gray, James Fortune &amp; More At The Hurricane Harveyâ€¦ https://t.co/qUdhzqT6uk https://t.co/OxT27ZumzV	not_humanitarian
923180194902441984	KEEP HILLARY OUT OF PUERTO RICO!! SHE IS AFTER REBUILDING CONTRACTS!! á½„E https://t.co/H9EyrMr4Qg	not_humanitarian
916352428714414080	Why Elon Musk is pitching solar panels to Puerto Rico even as residents lack clean water https://t.co/Jt5iUlzMoD https://t.co/6Vl5WdKnmT	not_humanitarian
909714574512918528	@salgualano Good Morning, Sal and Happy Monday ·ΩÉ8 My dear friend! I hope you are doing well and survived IRMA in tac‚Ä¶ https://t.co/FHsL7xG6az	not_humanitarian
923077288341721090	BBCWorld : Who is powering Puerto Rico? https://t.co/zBeawKRrHN (via Twitter https://t.co/ivJTSV4waA) https://t.co/k8xYV8Pypa	not_humanitarian
911781063181033472	@realDonaldTrump What has the United States done? What can we do? #MexicoEarthquake https://t.co/Nt1h9s5Ifb	not_humanitarian
908404788093583360	Florida's failing power grid @gop Gov Rick Scott has known abt for 8 yrs &amp; done wht? #Harvey https://t.co/nuCEGuykfe https://t.co/PpNcv2lSIU	not_humanitarian
923593542961856512	RT @dulcitoecoco: How I think I look when I'm talking about Puerto Rico &amp; colonialism vs how I actually look https://t.co/vyJO6JnGtY	not_humanitarian
915971775707602945	RT @USRealityCheck: Puerto Rico Suffers as Debt Vultures Linger https://t.co/3pTvsUIkvE #USNews #USRC https://t.co/ebezBfGRcg	not_humanitarian
927636829725184001	@TheRickyDavila so we took a trip to Puerto Rico and came bag with empty luggage. Thanks for your work ἟5἟7✊ἿC https://t.co/LQ3vVYIiAb	not_humanitarian
914377867466887168	@syloceanne That's a Kremlin lie. https://t.co/vOvJxzfKJE https://t.co/nFY11mfUor	not_humanitarian
910257937762877440	#IRMA NFL : Every team's best play from Week 2! https://t.co/f7lSONYE2Y (via Twitter https://t.co/SldT77AQFS) https://t.co/N7tJnK61V0	not_humanitarian
876596574494883845	Enjoying a relaxing day off. Come and see me on Tuesday at Moran's 2-B in Dover for some fun. @mora https://t.co/YAFLKymFRj	not_humanitarian
908172622957043712	Matt Harveyâ€™s third outing since coming off the disabled list was a thankless slog https://t.co/f8xlANfytf #Mets https://t.co/7CsvaXEdYk	not_humanitarian
874944057109250049	Congo love for 70k on jhaapi and 30k on shota Mora..á½ Dá½¡8á½¡8á½¡8á½¡8á½¡8á½¡8á½¡8 https://t.co/vCmEnNd4pD	not_humanitarian
923696810366865408	Whitefish's No-Bid Puerto Rico Contract Spotlights Troubled FEMA Grants - https://t.co/vJQ0FslvQa https://t.co/AcNDSg0dyB	not_humanitarian
928688606679617536	Happy Birthday Leo á½ Dá½¡8á¼¸9á¼¸A Love you from Puerto Rico á¼Ÿ5á¼Ÿ7#HAPPYLEODAY https://t.co/RMvIY3Q5y2	not_humanitarian
915252840263806976	Earthquake experts break silence over fears volcanoes and quakes PROVES world ending https://t.co/vlyW5AzC6Y https://t.co/UoMXRFThRX	not_humanitarian
910563478858952704	Satellites Tracking Powerful Hurricane Maria From Space https://t.co/i5BoMmPpNn https://t.co/SbV0stOodp	not_humanitarian
908670660322500608	6 days later and this is still the queue for Fenty Beauty outside Harvey Nichols... https://t.co/VWjvaSY9lP	not_humanitarian
921538910865494017	RT @NadiaChilmonik: Puerto Rico From the Space Station https://t.co/xavHjkpt9R via @NASA https://t.co/TZblQyMVhA	not_humanitarian
910170804121464832	Aftermath #Irma #CoconutGrove #Miami https://t.co/TjbryL10mW	not_humanitarian
927955915814375424	Read Chairman @AjitPaiFCC's statement from his recent visit to Puerto Rico #PRseLevanta https://t.co/wk06CVPydr	not_humanitarian
921754220407263237	Who's joining us this weekend for the final days of Orlando Cares - Hope for Puerto Rico? https://t.co/rFkONuLwcm https://t.co/4DWYNddPMB	not_humanitarian
905215790961627140	Whoa. #HouTraffic! The traffic is crazy today!! View from Shepherd &amp; Memorial. #abc13 #Harveyá½©7á½©9á½©5á¼¼Eá½©Aá½©Bá½©0á½«2 https://t.co/2JCwlY87FM	not_humanitarian
870370122468339712	Rick Moranis and Dave Thomas to Reunite as McKenzie Brothers https://t.co/6kWHPV7Ode https://t.co/gCF7G4PAfq	not_humanitarian
923321279486205952	Lawmakers call for probe into Puerto Rico power repair deal https://t.co/fLdHrNxy1I https://t.co/rCh9KJCfBw	not_humanitarian
908509802027995136	live look at me after waiting for 7 seasons to see Donna and Harvey to hook up https://t.co/wmM642Rjm3	not_humanitarian
877962623257640961	Bourbon Street this morning.á¼±9 á¼°0Cindy David Mora photo https://t.co/Jtd2wTBsAN	not_humanitarian
905926943924559872	Sen. Ben Sasse rejects Trump-Schumer-Pelosi deal, introduces â€˜cleanâ€™ Harvey funding bill https://t.co/tDWIeFzHw6 https://t.co/flQWcyOi5b	not_humanitarian
906096495061028864	Major David Harvey speaking with @KQBTV from @fox4kc about our 12 hr hygiene drive today at 1110 E Truman in KCMO. https://t.co/U2Io8BaRJL	not_humanitarian
922558317049864192	Tesla and Puerto Rico lay out plans for long-term energy solution Read more: https://t.co/6AmHg8vCur https://t.co/gqu322uQbg	not_humanitarian
909446392938139648	https://t.co/2w6kZO8JpZ updates avi #28 https://t.co/tFZqirV1VD for Zendaya #HurricaneHarvey https://t.co/r8jzP9xj0a	not_humanitarian
906200849835331588	Usa right now #Storms #IrmaHurricane #Harvey #JosÃ© #Katia #PrayForMexico #USA https://t.co/3GnkANWu96	not_humanitarian
909485323079602179	Look how pretty our new yard waste bags arrive! Screw you #Irma! #Floridastrong #Lovefl #Hobsonresort #lilsentyou https://t.co/TLL4KsRHaz	not_humanitarian
880602916339560448	Mora longe á¾“7 https://t.co/LZfV5BUk3L	not_humanitarian
923185673435336705	Pay attention GA: @sendavidperdue is among 17 Senators that voted AGAINST relief help for Puerto Rico. #shameful https://t.co/5qLuULOarn	not_humanitarian
906204902577266688	Will it be a Socialist Scam when we spend money to #HurricaneHarvey / #HuricaneIrma recoveryâ“ https://t.co/dOK2zs1Saf	not_humanitarian
921514629939032064	Trump's Capacity for Cruelty Will Still Amaze You https://t.co/00fMeQnvCB https://t.co/VJ094oOIsR	not_humanitarian
905883053922410497	RT @divine_lineage: We all need to take care of each other. #Kaleshwar # Irma, #Harvey #Nigeria #AllOne #flood https://t.co/xt2ADAPU6A	not_humanitarian
870161183927660544	Data from geoinfo center included in our map https://t.co/xh2xPkDruF #FloodSL https://t.co/8gvWrnURNG	not_humanitarian
920683080129458176	Rinpoche's Advice on California Wildfires - https://t.co/x7Xsf7O508 https://t.co/0ai7bmeq9f	not_humanitarian
905761133180661760	Your Hurricane funny for the day is: thanks to Irma, These are now in fashion lol #hurricanehumor #duckshoes #funny https://t.co/BJW0d5UCgt	not_humanitarian
907594612671500289	Red red red Redneck... #Hurricane Harvey can't stop #Texas!! https://t.co/5wbqvzzWZR	not_humanitarian
876157888217190400	Representing Mora distance in Duluth! @moracctf https://t.co/50931ZPeGQ	not_humanitarian
922460108075958272	Canceling the event this year was considered - and then quickly rejected. https://t.co/geL4ewGzG7 https://t.co/uvLzbYxjVl	not_humanitarian
876324577525288960	Me and my small mora https://t.co/Alysm6mGqH	not_humanitarian
876231675247828993	The Joker - Art by Dan Mora via /r/comicbooks https://t.co/CETZ2R63Rb https://t.co/R8DZvjy6Jq	not_humanitarian
912331114693513217	A High Surf Advisory is in effect for the S.C. coast as #HurricaneMaria makes its way north: https://t.co/LJr2GSo7gg https://t.co/z6JAJKyWxo	other_relevant_information
905630679844708352	How Hurricane Irma Might Impact Your Travel Plans https://t.co/Vt0242S8I0 https://t.co/fXMnmz3FMI	other_relevant_information
911922450975227905	Very Warm Sunday; Latest On Hurricane Maria https://t.co/JBXziAWKoo https://t.co/7xgRESV2MO	other_relevant_information
916068972939923462	Lightning storm in Puerto Rico @Nix_km @Oathkeepers https://t.co/QpeQ40Yz2k	other_relevant_information
905720689520500736	#IRMA HEADLINES:Hurricane Watch likely today. Time Period: Friday PM-Monday AM Threats: Winds, Storm Surge, Flooding https://t.co/8gaNoDnwDH	other_relevant_information
905739345054883840	Hurricane Irma: Cruise Line Updates https://t.co/0in5sRm53w https://t.co/W18ZnHWWU4	other_relevant_information
916187309103607808	Storm clouds roll over Lutwyche. Captured by #9News viewer Maria Michelle. https://t.co/dWPWH5OaVl	other_relevant_information
910674724698464256	Hurricane Hunter plane is investigating Maria, right now. Lowest pressure seems to be 955 mb https://t.co/QnDMixBKdP	other_relevant_information
904424748888735744	#HumanRights âš˜please RTâš˜ for #HurricaneHARVEY #Evacuees important message from #CAJUNNAVY https://t.co/q0cQRDJC0D	other_relevant_information
905749396280762368	Hurricane Irma path UPDATE: ‘Very powerful eyewall!’ – forecaster’s SHOCK Florida warning https://t.co/fcee74YVmb https://t.co/YShQ2XErNp	other_relevant_information
904212036887785472	RT @NASAEarth: Harvey's Chilling Wake https://t.co/oM2LPBluGk #NASA https://t.co/mtzlKGgK5Z	other_relevant_information
911740789172133888	Summary poster with technical info about Mexico earthquake of September 19, 2017 https://t.co/7R7bWCkE8n https://t.co/f9M2EqOx7H	other_relevant_information
909742172454424577	RT @MoggyOh: Made a sequel to my Irma Post! #Pokemon #Pelipper #HurricaneMaria #Hurricane https://t.co/ZTDFGwiF7Z	other_relevant_information
909390637367222282	Joining us now is @RepRooney to discuss the aftermath of #Irma #PoliticsNation https://t.co/KtHMnRyGot	other_relevant_information
905729131207421952	RT @daisybuckner: A Prayer for Protection ·Ω§F·ºøD‚úùÔ∏è·Ω§F·ºøD #Hurricane #Irma #Pray https://t.co/SFTg8C8VUM	other_relevant_information
913244801121898496	UK storm path update LIVE: Hurricane Maria and Lee track puts storms on DIRECT path to UK https://t.co/FO5HiBYeGB https://t.co/3han23Yg1b	other_relevant_information
908434854240505864	Trump vs Trump 2 weeks ago https://t.co/Oex54bW6Qr https://t.co/1FzEeOiUVl	other_relevant_information
913783217924268034	Hurricane: Trump to visit Puerto Rico on Tuesday - https://t.co/51LYHvbmHx https://t.co/8Mlr06vm5M	other_relevant_information
910623380663128064	#Hurricane Maria Wreaks Destruction in #Puerto Rico https://t.co/msClsPIGGr #RedDirtMarketingPro #Staged https://t.co/k7Izn1pwst	other_relevant_information
906917782964641795	Waterspout about to come onshore..Tornado Warning for Southern St. Johns County. #flwx https://t.co/Mj6fXjcAIO	other_relevant_information
909771499887841280	Maria follows Irma with a more northerly projection: https://t.co/dHfbhX29Z8 https://t.co/syxzSJqoHc	other_relevant_information
930192063626440705	Felt earthquake M4.1 strikes 49 km W of Sarpol-e Z̄ahāb (Iran) 58 min ago. Please report to: https://t.co/WXEzJwMqhB https://t.co/eenPNtE8O9	other_relevant_information
909801459302068225	.@NWSDirector: #Harvey &amp; #Irma marked successful communication between NWS, EM and Water Resource Management #NWAS17 https://t.co/MTSWUfFoKA	other_relevant_information
901729310079410176	#Harvey rain total along Clear Creek near League City has reached the 2 foot mark now. #houwx #houstonflood #txwx https://t.co/uW7zZVQSOp	other_relevant_information
905762139989790720	Hurricane Irma maintains winds as eye moves off coast of Hispaniola - https://t.co/ye70F3xJGp #winknews https://t.co/3oupG80fxg	other_relevant_information
930130379478093835	RT @PMBreakingNews: Location of massive earthquake in Iran https://t.co/BDzx85C8z4	other_relevant_information
909721023968432128	RT @Thorcaster: Visible-like imagery in the middle of the night of Hurricane Irma from SNPP day/night band. #NWAS17 https://t.co/7OZFtGZqGy	other_relevant_information
912063569453355008	RT @wxbrad: Tropical Storm Watches are now in effect for the Outerbanks and Coastal areas of NC. #ncwx 3OBX #Maria https://t.co/lfABDSads1	other_relevant_information
909790745334370304	#Irma, #Jose, and #Maria remind us why September is hurricane time #ArsTechnica https://t.co/i3jOfloZfu @SciGuySpace https://t.co/VeCgU3YFl4	other_relevant_information
909394672698740737	RT @MiamiHerald: Islands hit by Irma bracing for another hurricane https://t.co/9IAaWzkpNo https://t.co/l6OlNWlCdp	other_relevant_information
918109951863635968	Photo Of The Day: Wildfires Running Amok In California https://t.co/pAdxwycVQ8 https://t.co/TOx5dSoDwY	other_relevant_information
910804227588575232	Her Majesty the Queen of the United Kingdom Elizabeth II sends message amid Mexico's earthquake. https://t.co/s5OGwOcOYF	other_relevant_information
912114747126042624	Just In: the full news release from Hyde Co. on Hurricane #Maria preps á½„7á¼¿C#myfox8 https://t.co/fmZ296JypU	other_relevant_information
911775074318995456	Breaking News: Third Large Quake in just over Two Weeks hits Mexico. #Mexicoâ€¦ https://t.co/VB3JtCRwze https://t.co/cVjAgoP8q1	other_relevant_information
910123109650456576	Don't Fire Guns at Hurricane Irma, Florida Police Warn https://t.co/bLhXVZ4T0L https://t.co/EKpgC6TcY8 https://t.co/0bi1YrjO3H	other_relevant_information
905749824800206848	#Irma Impact Risk maps showing the chances of being impacted by #Irma as a tropical storm #hurricane https://t.co/rrxkwWPhZ0 #Theworldface	other_relevant_information
905729849809100800	Highest winds normally on NE quad of a storm. IRMA will be the same. But look how far CAT 1 winds stretch out. https://t.co/N4nDUxb89k	other_relevant_information
911613121655197696	MARIA CONTINUES NORTH as cat 3 hurricane and could impact parts of the NC/VA coasts mid next week. Landfall unlikely https://t.co/SPbZ824qlM	other_relevant_information
910785991304237061	Maria's Wind, Rain Spreading Into D.R. https://t.co/6zMxhOFmTB https://t.co/iXkPcLJokJ	other_relevant_information
909921828893806597	RT @elroyheesbeen: After #Irma and #Jose comes #hurricaneLee i guess‚Ä¶ what a season! #Lee #Tropicalstormwatch https://t.co/xkxWz59Yst	other_relevant_information
905695647130542080	RT @KDVR: NASA images show intensity of Category 5 Hurricane Irma https://t.co/VJyScF4Yl9 https://t.co/7COtLgGAzP	other_relevant_information
905636632833003521	RT @noblemd1: 11 PM Wed (6 Sep) #Irma #HurricaneIrma position &amp; forecast report. #Hurricane #NOAA #ECMWF #GFS https://t.co/Aps3jkoh33	other_relevant_information
904853861378269184	RT @Wx_Maps: All #Tornado, Severe Thunderstorm, and Flash Flood warnings for the month of August: https://t.co/FiRrxNPDZL	other_relevant_information
912130190012231681	MARIA, 400 miles from Hatteras. Tropical Storm Watch for NC coast. Join me @wxii on Triad CW @10pm for latest track https://t.co/ONq7vq6PcW	other_relevant_information
910615537717088256	Maria has weakened to a category two, but is expected to strengthen back to a major hurricane in less than 24 hours. https://t.co/ZOrb4N1deO	other_relevant_information
905695865792327680	RT @SPACEdotcom: See Hurricane Irma in Motion in These NASA and NOAA Gifs https://t.co/uMMRHmyD49 https://t.co/4xtI7vjvYb	other_relevant_information
909918840217374726	Hurricane #Maria grows into dangerous Category 4 threat to #Caribbean, days after #Irma https://t.co/xpEY9k9UQA https://t.co/81MmcmDqSx	other_relevant_information
905692274050387968	NEWS US airlines brace themselves, passengers for Hurricane Irma – Fox Business https://t.co/WW6nbdEM87 https://t.co/oWntN3Zzud	other_relevant_information
923644675499667456	Fire in California #LifeIsStrange https://t.co/G1fAli2Uq6	other_relevant_information
917833777812066304	California has a large Mediterranean climate ... a setup for wildfires. @weatherchannel (Photo: PRISM climate group) https://t.co/CgJ9e123cM	other_relevant_information
914098838897651712	FEMA suggested ways to help our fellow Americans in Commonwealth of Puerto Rico. ἟A἟8❤️἟5἟7ὤFὖF️ https://t.co/xDzKxnRL0v https://t.co/4Ex0Pdrg4t	rescue_volunteering_or_donation_effort
911523540389818368	Relief is urgently needed in Dominica after hurricane Maria https://t.co/PKPZfaCktB	rescue_volunteering_or_donation_effort
921322589988978688	RT @atlantahumane: This afternoon, weâ€™re helping about 130 animals arrive safely in Georgia from Puerto Rico! https://t.co/KZx2aaPsLn	rescue_volunteering_or_donation_effort
904634645567942656	RT @NBCNightlyNews: PHOTOS: Saving the pets from #Harvey's aftermath. https://t.co/qWqxmZr2WI https://t.co/xmE20NTvYs	rescue_volunteering_or_donation_effort
906649702673907712	When we say 100% of your donation will go to relief effort--we mean it--100%! https://t.co/2r0YstMHPI #Harvey #Irma https://t.co/OnxEn4UHmZ	rescue_volunteering_or_donation_effort
904613263970729984	#Military #Photo of the Day: Real-Life #American Heroes Helping After Harvey - https://t.co/7gfzjpmN5G https://t.co/cH6I8IewcT	rescue_volunteering_or_donation_effort
909745313816219648	RT @UCFDeVosSBM: Lending an extra hand to Orange Country Academy in their cleanup from Hurricane Irma! https://t.co/E8J2ZmkDGg	rescue_volunteering_or_donation_effort
909736650523185157	Maugerville power company helps restore service in Irma-hit Florida: https://t.co/2Hz1HqBl2Z https://t.co/5dwFrgWOKl	rescue_volunteering_or_donation_effort
911927445531561985	Planes are leaving to the islands with water and coming back with people affected by #hurricaneirma #hurricanemaria https://t.co/Ym17dMYg3s	rescue_volunteering_or_donation_effort
931539403545239552	Pakistan dispatches relief assistance to earthquake affectees in Iran https://t.co/LVD2Zg3lKj https://t.co/a83ZnXvaSU	rescue_volunteering_or_donation_effort
905987018697691139	Collierville donates 100K pounds of supplies to Harvey victims https://t.co/i6of5zusDh https://t.co/HRa61ACvzt	rescue_volunteering_or_donation_effort
923655665847029761	@kimburgo from Catholic Charities USA is at a warehouse in Puerto Rico where supplies arrive #HealPuertoRico https://t.co/In4QWciWsx	rescue_volunteering_or_donation_effort
904274294733201408	RT @texashabanero: A puppy rescue on Beaumont, #Texas. #HurricaneHarvey. (Ashlee Elmore Facebook) https://t.co/sp5xcoTm8B	rescue_volunteering_or_donation_effort
910098383834099712	The Disaster team loading an early morning load/run to Key Largo w/ice &amp;Water. @ConvoyofHope #Irma https://t.co/2dYnFt9eVS	rescue_volunteering_or_donation_effort
923574286308163584	Tucson Border Patrol agents return from humanitarian mission in hurricane-stricken Puerto Rico. @TelemundoAZ https://t.co/fjoQkwjWsL	rescue_volunteering_or_donation_effort
875461354584289281	#USSLakeErie continue to provide #SriLanka humanitarian aid and assistance in wake of #FloodSL #AroundTheFleet https://t.co/J1tSp7r9ip	rescue_volunteering_or_donation_effort
907393952504061954	Thank you to everyone who donated this past week. I am proud to teach at such a giving school. #HurricaneHarvey https://t.co/ZuOh01SESe	rescue_volunteering_or_donation_effort
920317656640704512	#MountVernonWA fire crew helping fight California wildfires https://t.co/6HJ6obpKyN #Skagit https://t.co/FAU0ZJZe4f	rescue_volunteering_or_donation_effort
906937609519292416	Hoover cooking lunch for Harvey &amp; Irma evacuees at the RV Park. #Irma https://t.co/fllNANee52	rescue_volunteering_or_donation_effort
905164228327288834	The supplies for #HurricaneHarvey relief are filling up our locker rooms! #ChantsInTheCommunity https://t.co/s6qd2WXEy5	rescue_volunteering_or_donation_effort
914555402737668097	Helping out our community in Condado after Maria Hurricane! #cvspuertorico #sharecare https://t.co/Df4tWj1Nij	rescue_volunteering_or_donation_effort
916181007052738560	We have landed in San Juan Puerto Rico with a plane load of supplies! Did the Astros win? https://t.co/aglZOr8bVg	rescue_volunteering_or_donation_effort
914404309399457793	Lady Gaga will be donating $1M for Hurricane Harvey, Irma, José, Maria, and the Mexico City earthquake. https://t.co/OOPSgYMDO6	rescue_volunteering_or_donation_effort
909976794920624133	Local teen collects sporting equipment for Irma victims in the Keys. https://t.co/DEXCCn8MHd https://t.co/DSS5cCm6IR	rescue_volunteering_or_donation_effort
928057053041577985	The Navy's largest floating hospital docked in Puerto Rico https://t.co/pksTS9GgRW https://t.co/f8MJ9DHvdj	rescue_volunteering_or_donation_effort
906580481105375232	RT @BmtEnterprise: More than 30 dogs saved from drowning in Beaumont community https://t.co/MqW2jaZeLH #SETXNews https://t.co/su5AQq15kK	rescue_volunteering_or_donation_effort
910538030347423745	RT @sarahofff: For any of you who want to help with earthquake relief in Mexico City: https://t.co/y3U1BDv35a	rescue_volunteering_or_donation_effort
910217184542064640	Help Irma victims....and see me in a smock. Win-win, amiright? https://t.co/k67TlCPYuH	rescue_volunteering_or_donation_effort
904375138581446657	RT @HCSOTexas: HCSO deputies are out in the Blackhorse subdivision still working high water rescues. #Harvey https://t.co/gBFwSaoPjo	rescue_volunteering_or_donation_effort
914082608786677760	Reserve Citizen Airmen deliver aid to #HurricaneMaria victims https://t.co/DHQ6ztr5L3 @AirForceReserve @MacDill https://t.co/y5yUKmSN9K	rescue_volunteering_or_donation_effort
905119373827985408	RT @dabeard: #Houston SWAT member rescues mom &amp; her 13 mo son https://t.co/BSFt7YYsBI #HurricaneHarvey https://t.co/H1FwcNJJMi	rescue_volunteering_or_donation_effort
911813361985314817	A new, 6.1 earthquake sows panic in Mexico City, forcing a brief pause in ongoing rescue operations https://t.co/kC1fbebNDG	rescue_volunteering_or_donation_effort
870113671699193857	#India, #Srilanka have religious relationships. #Indian_Navy playing vital role, to help in fighting flood. à¤œà¤¯ à¤¹à¤¿à¤‚à¤¦! https://t.co/x2vcAm19Fz	rescue_volunteering_or_donation_effort
915285715138772992	#USCG loads relief supplies in aftermath of Hurricane Maria https://t.co/itLCcrPl3a https://t.co/4H2qvrTkHY	rescue_volunteering_or_donation_effort
922233857184645120	Gives us hope: Donations for Puerto Rico collected during weekend Latino festival: https://t.co/bGcOAVpzzt https://t.co/PVJ0WNDoPv	rescue_volunteering_or_donation_effort
904599666708373504	Facebook is matching donations to Hurricane Harvey recovery https://t.co/OtQbIxjJKs #socialmedia https://t.co/qWxbhXnGU1	rescue_volunteering_or_donation_effort
909418356792594433	DMAT OR-2 provides care for some of the most vulnerable patients at a special needs shelter in Naples, FL. #Irma https://t.co/ZSL2OzeqYa	rescue_volunteering_or_donation_effort
931771549685899264	Less than 24 hours after the earthquake hit #Iraq, our mobile teams provided lifesaving... by #NiliMajumder https://t.co/f5cv1R0yvT	rescue_volunteering_or_donation_effort
910538402759618561	Here's how you can help after the terrible earthquake that took place in Mexico. #FuerzaMÃ©xico á¼Ÿ2á¼ŸD @topos https://t.co/g3AFdTCjYB	rescue_volunteering_or_donation_effort
909446900214050816	Mobile Response Van Goes to Texas for Harvey Relief: https://t.co/ffduibJIMN https://t.co/AHTnsokquf	rescue_volunteering_or_donation_effort
905631724897480705	https://t.co/Cmz6HZzwyJ CSFD aids in Harvey relief efforts #watchCBS19 https://t.co/vY0VL2M6CQ	rescue_volunteering_or_donation_effort
909446416640200704	@USNavy with FEMA are helping those affected by Hurricane #Irma. #USSKearsarge and #USSOakHill continue support. https://t.co/n5fhGIeapC	rescue_volunteering_or_donation_effort
909733934316920832	Dental Associates/Paschen Orthodontics donated needed items to the victims of Hurricane Irma. Many thanks to Anna... https://t.co/Tebo0qRqFP	rescue_volunteering_or_donation_effort
916261833102815232	We're coming for ya #puertorico #disasterrelief #hurricanemaria#loademup ♻️ὅAὩBὉAὅ6♻️ https://t.co/zPtoIJu0fE https://t.co/3l8sk4PYyS	rescue_volunteering_or_donation_effort
906324319264948224	Cajun Navy still in Texas helping coordinate relief work two weeks after Harvey https://t.co/TaxKN9BOBw https://t.co/BBGdwKUtrr	rescue_volunteering_or_donation_effort
922959652719120389	Fort Carson troops working long days in Puerto Rico https://t.co/8VRioIZTKM https://t.co/prRwcVTSAn	rescue_volunteering_or_donation_effort
910619874216501248	Israeli-trained volunteers aid rescue efforts following Mexico earthquake https://t.co/JVNjaeYDP5 https://t.co/zxR1Yo1Z2H	rescue_volunteering_or_donation_effort
910573185648807936	RT @ClintFalin: Frieda is a pup hero that rescued 12 people from the last earthquake in Mexico. https://t.co/5pcQr8jCcv	rescue_volunteering_or_donation_effort
910169179021545472	COME TO THE TAKE 5 FOR CHILI COOK-OFF! $3 all proceeds go to Hurricane Harvey &amp; Irma relief! @MadonnaU‚Ä¶ https://t.co/M907LSVPaA	rescue_volunteering_or_donation_effort
905475566157037568	RT @LiveTVFans: Some awesome peps on I-30 in Arkansas with water and diapers for Texas ☺ #Houston #Harvey https://t.co/L82CEMDWYG	rescue_volunteering_or_donation_effort
